volume	source_words	total_chunks	local_reviewed_chunks	published_reviewed_chunks	status	source_sha256
001	603389	141	141	141	complete	c3e600a7003b7860e4e1839a697150485738517ca3f1eb8d232b694a491fdcb1
002	626322	148	148	148	complete	97bfcd5c68ab93020183aec87acddae7aa546cde5e59403fc44a56b6db5aeab0
003	745610	177	177	177	complete	191a2ad8090196cd8da0926a85c253d3a9ea5df002a00e0faa963caf55e38486
004	564616	130	130	130	complete	49bd16def959c450f6c9a635940320faa09d1059565e0083b170b9b2441f6468
005	617308	140	140	140	complete	1153db6437037beadfe5ebcceed2d34f5182b23e89c56425448c854a88a4dbf5
006	530742	113	113	113	complete	d125f4e80d1c3ae6965ce5cb27392bc8d1b6e4b1acbf02d783da6e27a5f41763
007	588815	136	136	136	complete	7ab8bb640ccc6f5019bea35f2140cf3e9216699529010c282baf0f7161c3aa31
008	630579	139	139	139	complete	61ac8ab513238c6256bf2e2e264abc7184be0c44fd9aba72b6367941a7f4dcd9
009	493400	109	109	109	complete	1ac9a313cd9f8ce35c5f13267f8c6285ad352866f5bd091a7d07debb813dd72c
010	544709	130	130	130	complete	a2b0337f385f65afcc341bca3fddc1ac6ac1c46477971bd8d8ba6433b300076a
011	703201	169	169	169	complete	e3d218d73db14fae5377e25a948a8c5e5f91c7a275b828eb1d9c4a4ca639f8e8
012	586018	127	127	127	complete	afcd7a732419228fafdac8964e45129ed051a841a313d0263bf5e3a3d0e42f64
013	553444	134	134	134	complete	bfb42594dea567abe489467dd0ad772d2b4bf93a596fdf58ae397d7d04637683
014	510991	113	113	113	complete	8081429eb4c2b5b891243d438bbff92a90c599627739be99a47c5b7c37fdd178
015	492769	116	116	116	complete	3f31775c3dc3f6ebf0fc17f3f7d36adede448761106030b76b27aa59511e57b4
016	699705	160	160	160	complete	3f72b812eaa73ac57f463a1309f2a0a39aaed87749d3f5f02d82966074f94c06
017	542737	120	120	120	complete	969eec45cd29e4f794020bd1414c07887f51eb3cd37d028a369147c110d4c90b
018	793760	200	200	200	complete	215ac79e7668c694665fab01f61d62a3946e44a7b3370eb80ea54f954c547df6
019	431696	100	100	100	complete	ff2a69a086cc7a50c5c044b6748f1d62d89bf0b1d92374411f2d884d86aac189
020	517909	126	126	126	complete	1045e1cde2090dd674c062cf2ea6fdb961ba651206cd9b0e54fed1448faf45f8
021	611629	139	139	139	complete	c6274d8b02020a44777d31960e5530f45167892842dbab1a5eb25db4ddc97cc5
022	629300	147	147	147	complete	1c37e266a9f382006be8545f3455c2e63b08c2d25255af9d8f95ca3020affc41
023	692826	160	160	160	complete	d27250fcbb4944714cba298a6d62407eb9a06b869483641176c00c4ff7ebc80d
024	428210	96	96	96	complete	e620e713a41f2df0fccaae93ad9dda38d5bb68a9466b364ca9261d3af44e9109
025	722739	176	176	176	complete	e9de131511dd663488d0ba214942cec5dfdb516bea0193814931352b15dcc2f9
026	576645	129	129	129	complete	88230a8f69d8904fbf9ae7bcc2dbb36872493b4ca17478dfc743f2d6ca50f47d
027	589886	127	127	127	complete	d2d98d7d1472c6670101a7763557a4af2b7c8941b261d8fd3c30535a5f025cd8
028	624059	139	139	139	complete	d2a70a13fb86c1dae1ce36499118cee4a90322a0a531badb1ed92acae0f92b82
029	460507	106	106	106	complete	40c06dc475a6f779a37bace5d4a8bd2be7939e3c12f2b1dcd44bd6a4fa321809
030	483173	109	109	109	complete	200b5a23ba4790f761b1b5ee8e35b3c6eb545fa67fed179786c456fd135441f3
031	607856	144	144	144	complete	8df67fc6128c72f7b11b2342bd16f3fc54ae0f7de11c844d7c49116e92e5c81e
032	671574	151	151	151	complete	f9be2e496e927b292dad027cffe26ce8693d0cde6809b668b17048e2a914e5d1
033	533931	118	118	118	complete	4ba30362e47065adc69ea9405b9d04663afe25d004f16da52a5afc86bfb8527a
034	585285	128	128	128	complete	c2a6db7a2d5ec58a1f5a5cb43825683c80031cc71286fa991fbe71a50d081bd4
035	572696	128	128	128	complete	545e75345d5b7d66a445a4e96c9a4250ccbe658152ab6256e0faf5d411c7f651
036	474087	101	101	101	complete	14065e78240455df7fce5b1c3d2633057060a307ced62a8536b504c93122ad06
037	433427	93	93	93	complete	441691bfd110d74e1d70cdb500e7a604e1e2098c6ee43a24fc82b7ee43b99933
038	672783	144	143	0	in_progress	0a22372d1e1be45ce63c5e2170fb93bb7a0639eab50c6bb9b0ae60b5a0f2d536
039	517243	114	114	114	complete	ea93616d8e322c7981c48dfd8583e2de8e3fb9fed951e9317cd670b74631719b
040	696556	156	156	156	complete	3841c17ca502349a4b6cd9d6e7e9350f7ca7fa3694509b72d6b84ce36c6e3ae5
041	392041	89	89	89	complete	b8b824a4e108576fe4bcec65d41d6f62e64d4abb4c315031d616a10dae2b80f2
042	562327	125	125	125	complete	6a9f7c3c5339e03e19347d479eb3dcbf15d7b3d629358261248038784d52f3b7
043	370597	85	85	85	complete	79982d1539769cb1f47ab9fc86a01671f7460a39ca6e8674724d41c9f34929f9
044	439204	96	96	96	complete	a55f4e2825316320298e28ab3fba476dc6d2ea9be92877a009ca3ad3538b3801
045	435087	99	99	99	complete	48972da569ecaac13d91d2e4896b74139b859fc72a9bd217aeef07a3395f1067
046	641736	138	138	138	complete	1bee9584c8652ca55fc88758f0bb1fc844561dbdb43a352fd0b6c56e2c9fb211
047	581825	128	128	128	complete	32ee8c1fca37f1b9e97101ac8ebffc40d840b29daf84cc64ebf9cffa2e2ade42
048	590262	136	136	136	complete	310b0e18d7dd22c0b9fb52472e2a2443f03e1ff208fa6265a6bfd28b64ead00b
049	640975	163	163	163	complete	682eadf5d6402bbd23fc206e3d2680b48cc47440adaad52d21254ad94c7098b6
050	635114	156	156	156	complete	67306d12eb221b59ba657d5f2099daa34b619110be313584a9258f03ea9a66fe
051	456455	104	104	104	complete	78bac658240ac0c27547381299885ae28fc05f166f42436d83dab59bf4048458
052	608693	154	154	154	complete	bd1c3224e20b79557bf317d50a07e498b2785e771bf522af57da898558dc93ed
053	442497	102	102	102	complete	bca6bff3712b0d30379acbc770c8b39e583783798db3af9a44157fe50d9f13b7
054	719919	170	170	170	complete	87dbeccda4e559a05cf2f5049e9e4118670ba4a6696ba7724d7080baeed843d0
055	680551	164	164	164	complete	971981ec8fc7405e85fa20bb6be5d48d41c9353d4f2ff5a386ab529c93caa84c
056	575434	135	135	0	in_progress	5194fa8887120fc3cbed564dde95353927a73a372a9df700d59bbca8c2934e7f
057	441683	109	109	109	complete	dc10684d2a06829c67bbf6cc908a3e9261399d121262d4e47fe49c8368a41e9a
058	533387	130	129	0	in_progress	d164282b6f4ca44f514ec65c47fe2b05cc683e9c7e930c5bc79a944676cd1d62
059	455000	107	100	0	in_progress	f8b0bcdc3742d4aaf457f211af000b3828e390b04c7c9eed7d5d48ca65ab98c0
060	499094	110	74	0	in_progress	230ec9a7fd8e5d62c139388b8245e79a0632c78874b8123745aea8d472aa0cf8
061	519883	116	79	0	in_progress	53f0a33ee4048001de482b23b5dd0e3e6c50e411f2f53350671abd40ebbf703e
062	528811	127	97	0	in_progress	464fee6c2ad10861b1d986e4471d446a0f13f77cc046bfbca0ca726e5522972b
063	566400	135	113	0	in_progress	01163866206d56752974639889251e9164fe53d966b4dbc520ed09407ae21eaf
064	773177	182	162	0	in_progress	af8c030ca3a85377d4bae6866101fba13028c7303494fd15c3e4547b30b7051b
065	466285	111	99	0	in_progress	338702be9f06cd7e4a20ca9c9b45d4c8a71e97c294c4525afea4ac94a2cd553e
066	496438	114	98	0	in_progress	1db5e9c9c8526ed7d8f5861e7681be99043c1af78fd4fd29c85f28f3b9b00d02
067	529051	137	122	0	in_progress	77db47ded6fdbf12caf4de0c87ac1cdb0fa1f4a58d3dd8b44e019213b4d3d082
068	499572	127	30	0	in_progress	c7a1e49421fd418c3d0f7ea835143966760af3458f1f49055fb4ae1c954e7af3
069	548688	134	0	0	queued	548a4c670694f71ef182e7bbcec387a0b73280e10250bb72ebc7361f37188782
070	620133	142	0	0	queued	5baa8d6901e1c9665dd3130351ed752e00863f02be267389256da0582982d6e9
071	571897	140	0	0	queued	a669ffa8eeccdd15704aefc115cea2e1b70c6ebffd011e5aa16e8b96ee6eb97d
072	444749	103	0	0	queued	c4d81ff1ee232304b6218b8084aa7785f061cc959f47b400b78612abfe64ca59
073	528921	119	0	0	queued	93544a38592bf7987a2affd8e6c81c8c3cf44701306a86391ec404582bcc216a
074	593893	147	0	0	queued	730f66e4443d85f14888e75d15b73f3e3e1d3d011bb152b0e9d78b1c722d79c5
075	487266	113	0	0	queued	4f431f2af5bee6b173affb156489623d0378bcc9539cd4c8693079aea26e5eb8
076	698177	169	0	0	queued	ce1211605601812463e2a7d91caa964f2170fd14b49793abdeee6fc0695d30fb
077	715194	174	0	0	queued	02fc7fb2b94df8f1282cfefa208741994d84e7d8b996ce4302e40ef1019e7519
078	688420	160	0	0	queued	098e0e2f06fe92454218b67c5e1d4155406a85db6d79fec99c637f7c6370805b
079	727204	168	0	0	queued	5e1c3bfa73af4edef57f1e25d49d2bcd72a9cf2ffcd8d3f1c1524b47448cd94c
080	445444	106	0	0	queued	6736e87f7fe8018f9651d62bae285d34459bc2051bce57eb15c7e729095d822f
081	430108	100	0	0	queued	0c1c18c8838fb60daa4da6ac246518d37459ca9a7f85532ddbdd1eac44d37dcd
082	500084	106	0	0	queued	a1dd128ddd6a3e1875ecce7687c588cc50965d17a5e432281b46b3afe6d675d1
083	620022	140	0	0	queued	62cecc3b7e59b7fed9792a2bef6f4d0c60ceb686afb435c3c871dc008f4f65ba
084	449565	115	0	0	queued	25cb806ab35c5e4e173b0036e9d0b6a836bc12ba043c00061ab197005afa04e4
085	453045	102	0	0	queued	79e0103384dda44247e627ca397b9ff00e3c76bf1ba62ee1614fd878c7c8abd6
086	487725	106	0	0	queued	db910800e4fb0c509d6518d8c8823f2d2d2dfe4d187642bacfe2e37fe5ba6258
087	588143	142	0	0	queued	c37018cbad3116ef88f7b2e02979ddccd18370a4de0184a07aad1cac07d5a49c
088	548364	128	0	0	queued	d66324ca84f09e5d459a2a5603197e539eb13f6057d5ffd4acdcc13e6c97a447
089	541454	132	0	0	queued	36ac0188f397956438f224881e64f7f91ee53c5586730931dacb6ab5771ba569
090	466489	105	0	0	queued	56d5b41af0856e89df8bf7aff14a9b2ac70ffe9f472f55b252b3007c9ea82ed2
091	527853	126	0	0	queued	000ace13230d0fb731b79e97c9e678668157717030b4f5a130f2faec62504b1b
092	441429	98	0	0	queued	2c69d24f4f061f8d74addff9fc7b94aee2b4579cd1d4035a9b503f8669e34c78
093	602780	133	0	0	queued	6306d635f992ff74b8a402ae30f0162a936b839fc3f1e028bddbaa2ca8846cea
094	534641	124	0	0	queued	55d73cdd7f6a2e819020a216a662ed364d523813768ac7ee4d7f84395c5fd31c
095	777682	199	0	0	queued	47004c941439f7d4eec280b6325c3d4b6e7ed9b0551379b7c783b7181e6e77fa
096	682867	158	0	0	queued	f5e10e97156fc6a54e5c4d2242c1d83771fd94862c027135f500c34940b842aa
097	497912	112	0	0	queued	65ce9b7b71e910081dad35ca5768148d955a945d543c1c7e102bf1d22cc5e021
098	691699	167	0	0	queued	b8c81576802d461078f7c80d25bf8dbf5bb86e3189b5e54c3f39c34ad0e923bc
099	559843	131	0	0	queued	e7ba5193a76dcb8782526a7ba54d9ec90eb1c839e7399bed70c7339a41f521f4
100	518923	117	0	0	queued	393749d1c88f83aae7da855a31d075b77332d6553c4e1caa944a435c03ded764
101	669088	152	0	0	queued	55464a282359a4cc9c947737003904439254505e9fb0ba5d09804da49c002a63
102	478431	108	0	0	queued	6bf6fd91f5020ff904b5f9bc573f20fa7a3c9210a920db6b69808b59f8a0e17d
103	646551	145	0	0	queued	37ccbc546bbb5df52be11400ef7b07d7505cbc047da2b6788a84ae3396d05fc2
104	566341	135	0	0	queued	d391a8ffb2c86f33cc58741e42f51171f95e62926e1daa5963d1b87263d979ee
105	545508	129	0	0	queued	7a7caf52ce6cebfce3938d5349ae9f9b509769871a2d3407d141803ce45965df
106	642910	153	0	0	queued	9c4c45b151e4f0382b6fb2752633f8249e91a7aede23291b72a9a92d76ac50ed
107	466560	106	0	0	queued	577fbef6cd7a0720ee5e1b4e163fce0de3377a89f15a9745ffbaed5e44dd7901
108	531886	130	0	0	queued	86076274d4308cdd597ddea3994e6e140d7f6ccb646fef2b72a9101ceaf8cbf1
109	535340	123	0	0	queued	182c2cf1000fc0cf15bb1472f6e0d3795c5096f0ab28d391771e10e811dee394
110	510706	120	0	0	queued	4c8bd6ccdb034726e9f499e488ac1bbd0737c14b5de8536fc6024ae0c98e5521
111	688765	162	0	0	queued	e2a5f8d5c97267fca44738751a1206e2ef28484bf07e404fdba8d1dbac4c78c0
112	782331	193	0	0	queued	a96be496fb24454a23041c8af95d6362c71b687b29ade414bcfa8643ca48f1d4
113	516898	115	0	0	queued	6857a3b9c2d83e4a22575e17031f19d2852a4c6577c00367a16e94cf2492c321
114	456070	101	0	0	queued	8568fdae541776a5a828485fa8f138de62419ce4f16f372f4cff12b89cb8e7f4
115	610282	147	0	0	queued	ad863cd4ac203db2c3896dfcb68ecc9b7c6a27a96a1b818fbb5473cabc68d87e
116	455605	100	0	0	queued	9af7613317985ab17829dc3d0153d4d9271531b9b23a2f8ec66fef8354ea3666
117	522978	116	0	0	queued	d832ce304ac0d3114822eba3533be15f970fe9e306f21ab650532085c1cd9f59
118	434126	98	0	0	queued	3fd2509120d00e105741476bab6951333aaae58cbaa8eb92e606586187489d9c
119	513896	124	0	0	queued	2c9c026cc518febf836172786aa83148d569ec2022680b68f984c2ee7291b8b1
120	726690	171	0	0	queued	f393ad5621acf613efc130ce4cab2e941e25453cf42553869fb67285de87da52
121	459845	108	0	0	queued	e08276276542fc5541203e70d774fb845c6ad5b6e719953a8de76398270bc815
122	584259	150	0	0	queued	55e0c280ffb3ed2131fc72b4bf41ec5f0ddda97f22c1ecf6ea9e9318e761bc4b
123	403391	95	0	0	queued	3abf46ca728a1b04a399ab881c7fb627d09771cb00ac036c9c1eacd570e1e928
124	584369	139	0	0	queued	1b0687bd55c7160f6108511504a4d3707d6ad200545220e9e7443ea71628cf61
125	565841	136	0	0	queued	833744a021cf8a8f6e74c65626e69472e52e350af26ce4931f253651236fe8e2
126	438181	110	0	0	queued	3612d32820eec45e93d10897fc73ee459b64a193fa778e8b6063f77fcac9ebac
127	605530	136	0	0	queued	df76eef97218a1f70f0d7b85ac742d64e8699728828dc9d5df539cb388a4ac66
128	678345	157	0	0	queued	dc2034f15a1756b542f0d1b5b4e4fdd3aed25202e7c31b20ab44d5f34d14ee42
129	546425	134	0	0	queued	d313600ac936ffe5e42a1e82c596f8730bc8aa2d6ed7698fd5324a5f3d732df9
130	513523	126	0	0	queued	6382068a2a7d67cdbae71419ed8b29f49e20b52925f28e537d6c131dfc68941d
131	504100	125	0	0	queued	28bc8bc2411bbe4bd39be46d99bc329c4a104c19917b17e4c9adb9f377d08f2d
132	436684	102	0	0	queued	6fb619ef1ff442958c5229383c133cf98894255841b802b5542b27daf450bb76
133	424072	99	0	0	queued	f92282b6caa2fb27db3ff048fb4d051f4cdc3e55796681621f38be6b5abbf9e0
134	426220	96	0	0	queued	a89642573527902c646902965af0b52067dd4f79d75245848c38c4a7ae6255b2
135	404023	98	0	0	queued	a073dee4c61679625c7b06fbdaba038fcb3690e5cd564a1b080b090236ca9d9a
136	579071	136	0	0	queued	9a3e40b600372ecc51dcbd6ef72ba8928a06e47325bf5ef049384759b2e3d954
137	457304	107	0	0	queued	ec2b9b649592b6a3fd743758358952b1d64dcf7a976b1400f64d5c1d738d1366
138	512874	118	0	0	queued	4a5575f3b7a45094cd602e7ef710e91b07bbb7390e0e4cbeb509b624591735fc
139	648751	152	0	0	queued	d828585f58513ce68d05068deb6eca35eb1b147a6377c2c447ba37999f5a1bff
140	420126	99	0	0	queued	204e995c8cfbd05c8b49a1e32e4341a3caf15757655f45fcb61de7f21bf4b0ec
141	534878	127	0	0	queued	a5223edb9af806e8062c4cc9544e4859eaff42686970eaacc069c5663387b8b1
142	559998	128	0	0	queued	c5be58ad6152dfb206b192e9d85a817283b008b8a908186702790864cdaf693c
143	628768	148	0	0	queued	982b4a89f7b55cfe0a976bfd5685c92cbc5f966796a3e0ea326a9feb244e6cf8
144	430971	101	0	0	queued	7bc3fb333466e8cc6560d30aaee71b901ccb40f9fb7ab17ffa09817e7595806a
145	477879	112	0	0	queued	405c297c605722e0c8504a68578b83694e1b03069ad55edd474077e29dc89fc8
146	612124	141	0	0	queued	4636eb998620251b79a19745871fe63202926e626ccb828d7c7e63b15422ed72
147	539326	126	0	0	queued	b1a6f0ab479f6889719d94ae1f2b07c7a29d5a956153407c0aee205b58cd2de3
148	564003	134	0	0	queued	22d52ae0c323ca8f0c4e85851812247686559ba0b600dabfdf17ba297f7e5103
149	601762	142	0	0	queued	91131e1c24a149713ee92730f13a6a17351014403b434ae388467c2da4c3275b
150	737477	174	0	0	queued	efd7365c17eb1697597f06ce3dd57549b4fe9643ba4d919dc8c078de4f565c37
151	556710	133	0	0	queued	06a36659786b6c278312c4d4a5eeedf52c89bdddc021838383f62cc299d37aaa
152	614642	137	0	0	queued	ee4f6bc5eaa1eb0673573d41405e699022d5aa88fe43d6897887693b69ca8cdc
153	492275	112	0	0	queued	78f1d67985f3227cd2310bde7db2c9bc3e591f3eb69b139162fdecb6d12f1261
154	591874	140	0	0	queued	1ef7b3f0ac2eee69c47d01433db63c91ff4165b4bd7dedf8ef76c375edfabd37
155	863283	202	0	0	queued	ed8f660265bcaea38acb27b4e829c6ffe7412862aef63d674d2235a408f05377
156	499808	116	0	0	queued	b54d7ef2ad85939ef9b9aa52911db214abbaaec288eecd785b7ee1adeb031e5e
157	541750	126	0	0	queued	062e21e099eb451948783ce1ce7a02a731010a05396aa676d437d5afbcfe9af5
158	542893	122	0	0	queued	3aebca8f1c19140a97a6fe597a4f97eaf44d7eca456cfe938dc4ccdf73239e4e
159	501443	122	0	0	queued	3aea13f05d3796580dc234d7a5ad9910f0df70a8de33e7b115c27d3275ce8e29
160	492585	115	0	0	queued	3caa045c0d58f2abaf7336939efac5fa43cbe1636da01eab9bf5e78b4eb155aa
161	620065	141	0	0	queued	c11e898a0ae5f86e6716bc6028e185dd7ea4852d23124ed939d8240f88ca420d
162	674827	157	0	0	queued	79c025ad5f6ad8b60cdb5f3e0091081f2c0b8b20fa45a1dc04aba9e714e85fd2
163	578074	139	0	0	queued	be9501b7ef264de3481eefd6028b8bf129617e92add6ace8a5170e24e5e81581
164	541424	120	0	0	queued	79b0e19c260f351ff7b9bb14d6de5f3354e7874876ee858905b6e2dc5ba48d0e
165	597197	145	0	0	queued	5f2cafe52a761ea420620e119c70423839dfa932799592d0c072a660d77d02f2
166	636646	150	0	0	queued	b1504badc41b4708b847597bbb0197a4c6a7d0bcf48dd3331fa95ac9141a4edb
167	822803	188	0	0	queued	c496d82f47c734b9bb6df0cffa4ede31eee8207c763364f308ba449360c080de
168	724219	204	0	0	queued	b30a50540b12cd2b847b427f85e3b90554426ef47bdbc855a7080fabbc6e1286
169	666893	158	0	0	queued	313268a8b9d3c35fb029bc64c7746eb8079af7f52e8cf245b520afcf0356a7fa
170	593466	136	0	0	queued	6647dad90890cf58dab51efd37e62302243ad09f9563b7ee57828265aefd89c6
171	740852	170	0	0	queued	02703bffb7dd1c219423151cba6e599c6ac4d0212603205e73309cb1a8c71204
172	587215	134	0	0	queued	f3f0423230868366e4009bfc2108c13b4a3f0284dad347171bdfe0f053c926f2
173	632653	151	0	0	queued	ab42571b5a291af3544d36e83ae05386e7affd06d756e6d65e59a5e4bd1b391c
174	688192	156	0	0	queued	3374b5a70519c6732461cdeb51832d605e281eb345e296ef9b648cf1f5c4ae63
175	558420	126	0	0	queued	272fe5c297c06f77369a431ce2d7f9f9bece7e9519b5195a090138467b0c132d
176	519861	121	0	0	queued	d5214151bffb7a614898d898e20aaa865e85d8ec13b2f395eb0a9b547ed47400
177	522542	119	0	0	queued	823b9d9521acf6bbc57c4abef080723709ec51e1eaa520305a84252a644daf88
178	799953	188	0	0	queued	f64e8f766f9042993af2523c6842956d4a5cab4f8aaa3a3f8f2f8050d4fcfb27
179	725773	179	0	0	queued	a286cec2bb1be1bc4053c93190bca226360e7a8840db061f72a4ea6926e92732
180	667137	157	0	0	queued	8079c0f5c9f9c71a2676f8b6bbb2478ae2517efbcccd600d8fedac82fcefd382
181	738762	166	0	0	queued	ab6109ce8787143fd3d1d4cb6d82cc44533c9ccd27b958366c7b3b1cbab42109
182	503466	115	0	0	queued	8f400382689ea385e180c20338812a0a9881783d39bb974d75f85fd81e0b29f7
183	582424	134	0	0	queued	8fdc0ff538975b6def826c9c8b0e28479f4d9216f8fab8eb79164ff71673e6a3
184	565013	125	0	0	queued	64c65e3327fc70693b1b182cf79a6abb5fab3fbae9652f055ae63be0d4258708
185	873399	199	0	0	queued	e2c24edc874a8ee5d788f33837e3de81699f7d33bce20654dc86c3ad1ca66657
186	637365	143	0	0	queued	06056a192554df76d63655d56ac748b44d5a5f4229abc678c0c62bcb2b7cde1d
187	851819	185	0	0	queued	891be39106b6042bf09be7100827099a5e1462adcbeb61fafc211621226e16cd
188	645792	155	0	0	queued	d0116d71d55f951f6f3a45761a4811cade9c49daf95cb4b407de525e3486216a
189	723823	170	0	0	queued	bbfc6add4db92fba52393bd4370ba5b54404629c7f99215299e3a8003ba8ad8d
190	616122	146	0	0	queued	d7fe4332bb90549f0294e650c3b4b4dfca2f9d4c1271b34169796e801994b524
191	745338	160	0	0	queued	9197dd3423f6adf829f0e971fccae1745739bc03d0d7d7f5289b4fab7170602b
192	669014	148	0	0	queued	88ffd5241b3892a1bd1af0a59b81b80d0b955f1de695e6a21553a236a3c239d3
193	773278	171	0	0	queued	dee8d86d1a538925cc3b332c1334b147d319b518f9c665ab026e91ba31748fdb
194	780810	175	0	0	queued	801ed16c1cdffca8dd5f60d9c448d956aac89a62a4eeace43bd0da947ec17626
195	524727	123	0	0	queued	b2a2d7d24cef62a326c529d8d975f9664232357689bbfe13a3837ea1082a914e
196	700932	162	0	0	queued	c558bccf8814e7e9d4ec2fd9d1617f8df8fd9d80e698531a49d489865b0f99e8
197	585739	131	0	0	queued	371eb6093f053e02eb8bf81a768f6e1de3f22d3148eee477e86608fc325848b1
198	802123	180	0	0	queued	57f47a304cf5a96308b3eb84413f6b66d12b17429ff76100d77469f51f6d8298
199	483693	114	0	0	queued	2d24a3662b8fc49b50fedd4649cdd0edf1ffac2cf9a5c4cc105fed90ec6992fc
200	558458	137	0	0	queued	67e6154bde9a15bc04af32a612236532f7491571ce1a7d81baaf1188609b7e92
201	568863	133	0	0	queued	262b96de6c88a1a1c051f29820f98f92e7651c0be69842d31ee53678c3cec35c
202	628081	145	0	0	queued	89d0ba36e4a0ca71f53ad32192304c1ea0977690885dec289f83a579121a3bc4
203	578940	141	0	0	queued	8651bfe445bf329b2c3e443d4b5a610a1c370698b3f8f9b53cb52203e11d21a0
204	600834	138	0	0	queued	437cb685b7dd2b4fe5b14cdf469e9ab0a889d7a0099e57ad996029ee0c585e36
205	435148	98	0	0	queued	dafbc5233c51b3b320cf597063307a9362d5f2125e0cce2ab8f1b807d74ff497
206	542632	127	0	0	queued	69e768ff3e442f9841f7f5b956483fadaf563d84db1d73d12807c2d5776e7898
207	517520	122	0	0	queued	27695ec18dabbf25b63c72ec3250e0a22b0c6509513899a0768115ce87f85b2d
208	564728	126	0	0	queued	7c9761ee0ac6160952d7d274687bbd65c03727892b8319b8d67dbb7534e5c763
209	410894	93	0	0	queued	32b17dd1144d8b9a5fa94c33ae5733437fdb8949079ef268ab18c918e8a794f3
210	414932	93	0	0	queued	5d43a03f1cdd384f583e8bb3f8dc8a578d239a76f3522a679f11a445c8ee1f8d
211	563211	129	0	0	queued	d43bfa83e8012d8b273a2f910268938e4d9752f2a4b379eb569986020976f3e4
212	417008	97	0	0	queued	e7c1afc6472a85a94f5c15ce084c0c8d28092afe339aefb3539909bd0b5d1424
213	426499	98	0	0	queued	95dd7d702c99826caae068bf3b9bec8abe018b9b26510ddebb84bd66295758dd
214	576659	148	0	0	queued	709d7c0e52ee07509fdc4cf2d979c7b44adf6e7894521feee3379f7cb52c9ca9
215	644189	162	0	0	queued	710242774dfbc0a98ab00002d49210ae70c7c9a8e0a2534c18d1571a69c32a2c
216	497737	124	0	0	queued	b2f9b967d8a4c1ed8139e457f86fd6b3561703e9dc59cb8aa3a731389c9b50ce
217	484625	112	0	0	queued	1ecd86307c1dd8c05e0a644a905e5cc53b59874aa8ee4d8775a51054bbedfd22
218	659297	172	0	0	queued	9c0c31e65135c6c109c42eea9905606c445db3313fa657ac5fad37428edb59c2
219	761133	201	0	0	queued	0563a510e95bf57c460d04aab560ec77ad1ff8c386b0a4862dc8057e1a21791d
220	710928	174	0	0	queued	82614abe313d0d291e0c6f55d227cab4509b80094262eac97a01f46fcdda2678
221	686151	171	0	0	queued	5f4be77930f3b31f11b95efb5220b7b1dd9b9b73246233837c74c5503e3d0830
